function,dim,sense,known_best_objective,smco_mean,evo_mean,smco_mean_time,evo_mean_time,evo_win_reps,smco_win_reps,tie_reps,smco_mean_gap,evo_mean_gap,gap_improvement,decision_basis,decision_metric,outcome
Eggholder,2,min,959.6407,854.3382365681267,903.6501313953756,0.06693427710561081,0.0677558649535058,10,0,10,105.30246343187335,55.990568604624386,49.31189482724896,gap_improvement,49.31189482724896,evo_better
Mishra6,2,min,,3.948108264844889,3.9537931112415508,0.09380062739655841,0.09864913534838707,10,0,10,,,,rep_win_delta,10.0,evo_better
Qing,10,min,-0.0,-79.91476264470806,-71.71336861975136,0.40805756474728694,0.41340934599284085,6,0,14,79.91476264470806,71.71336861975136,8.201394024956699,gap_improvement,8.201394024956699,evo_better
Michalewicz,10,min,,8.986431623523437,9.022455539230739,0.7140589420538163,0.7115876424417366,4,0,16,,,,rep_win_delta,4.0,evo_better
Shubert,2,min,186.7309,175.65029776499097,178.1945044300863,0.22757581855112222,0.22854207464552018,5,0,15,11.080602235009035,8.536395569913683,2.544206665095352,gap_improvement,2.544206665095352,evo_better
Rosenbrock,10,min,-0.0,-0.7932948861820989,-0.7030049150828769,0.546571383200353,0.5532287509588059,10,2,8,0.7932948861820989,0.7030049150828769,0.09028997109922199,gap_improvement,0.09028997109922199,evo_better
Ackley,2,min,-0.0,-0.10897243044335019,-0.0725781991880436,0.23916917039314284,0.23895201009872835,9,0,11,0.10897243044335019,0.0725781991880436,0.03639423125530658,gap_improvement,0.03639423125530658,evo_better
DropWave,2,min,1.0,0.9517772038633503,0.9705354432111013,0.06147716359992046,0.06331160709669348,10,1,9,0.04822279613664967,0.02946455678889854,0.01875823934775113,gap_improvement,0.01875823934775113,evo_better
